Company,Date,Open,High,Low,Close,Volume
AAPL,2024-09-04,221.66,221.78,217.48,220.85,43262758
AAPL,2024-09-05,221.625,225.48,221.52,222.38,36615398
AAPL,2024-09-06,223.95,225.24,219.77,220.82,48423011
AAPL,2024-09-09,220.82,221.27,216.71,220.91,67179965
AAPL,2024-09-10,218.92,221.48,216.73,220.11,51591033
AAPL,2024-09-11,221.455,223.09,217.89,222.66,44587072
AAPL,2024-09-12,222.5,223.55,219.82,222.77,37498225
AAPL,2024-09-13,223.58,224.04,221.91,222.5,36766619
AAPL,2024-09-16,216.54,217.22,213.92,216.32,59357427
AAPL,2024-09-17,215.75,216.9,214.5,216.79,45519339
AAPL,2024-09-18,217.55,222.71,217.54,220.69,59894928
AAPL,2024-09-19,224.99,229.82,224.63,228.87,66781315
AAPL,2024-09-20,229.97,233.09,227.62,228.2,318679888
AAPL,2024-09-23,227.34,229.45,225.81,226.47,54146023
AAPL,2024-09-24,228.645,229.35,225.73,227.37,43556068
AAPL,2024-09-25,224.93,227.29,224.02,226.37,42308715
AAPL,2024-09-26,227.3,228.5,225.41,227.52,36636707
AAPL,2024-09-27,228.46,229.52,227.3,227.79,34025967
AAPL,2024-09-30,230.04,233.0,229.65,233.0,54793391
AAPL,2024-10-01,229.52,229.65,223.74,226.21,63285048
AAPL,2024-10-02,225.89,227.37,223.02,226.78,32880605
AAPL,2024-10-03,225.14,226.805,223.32,225.67,34044158
AAPL,2024-10-04,227.9,228.0,224.13,226.8,37345098
AAPL,2024-10-07,224.5,225.69,221.33,221.69,39505354
AAPL,2024-10-08,224.3,225.98,223.25,225.77,31855693
AAPL,2024-10-09,225.23,229.75,224.83,229.54,33591091
AAPL,2024-10-10,227.78,229.5,227.17,229.04,28183544
AAPL,2024-10-11,229.3,229.41,227.34,227.55,31759188
AAPL,2024-10-14,228.7,231.73,228.6,231.3,39882085
AAPL,2024-10-15,233.61,237.49,232.37,233.85,64751367
AAPL,2024-10-16,231.6,232.12,229.84,231.78,34082240
AAPL,2024-10-17,233.43,233.85,230.52,232.15,32993810
AAPL,2024-10-18,236.18,236.18,234.01,235.0,46431472
AAPL,2024-10-21,234.45,236.85,234.45,236.48,36254470
AAPL,2024-10-22,233.885,236.22,232.6,235.86,38846578
AAPL,2024-10-23,234.08,235.144,227.76,230.76,52286979
AAPL,2024-10-24,229.98,230.82,228.41,230.57,31109503
AAPL,2024-10-25,229.74,233.22,229.57,231.41,38802304
AAPL,2024-10-28,233.32,234.73,232.55,233.4,36087134
AAPL,2024-10-29,233.1,234.325,232.32,233.67,35417247
AAPL,2024-10-30,232.61,233.47,229.55,230.1,47070907
AAPL,2024-10-31,229.34,229.83,225.37,225.91,64370086
AAPL,2024-11-01,220.965,225.35,220.27,222.91,65276741
AAPL,2024-11-04,220.99,222.79,219.71,222.01,44944468
AAPL,2024-11-05,221.795,223.95,221.14,223.45,28111338
AAPL,2024-11-06,222.61,226.065,221.19,222.72,54561121
AAPL,2024-11-07,224.625,227.875,224.57,227.48,42137691
AAPL,2024-11-08,227.17,228.66,226.405,226.96,38328824
AAPL,2024-11-11,225.0,225.7,221.5,224.23,42005602
AAPL,2024-11-12,224.55,225.59,223.355,224.23,40398299
AAPL,2024-11-13,224.01,226.65,222.76,225.12,48566217
AAPL,2024-11-14,225.02,228.87,225.0,228.22,44923941
AAPL,2024-11-15,226.4,226.92,224.27,225.0,47923696
AAPL,2024-11-18,225.25,229.74,225.17,228.02,44686020
AAPL,2024-11-19,226.98,230.16,226.66,228.28,36211774
AAPL,2024-11-20,228.06,229.93,225.89,229.0,35169566
AAPL,2024-11-21,228.88,230.155,225.7103,228.52,42108327
AAPL,2024-11-22,228.06,230.7199,228.06,229.87,38168252
AAPL,2024-11-25,231.46,233.245,229.74,232.87,90152832
AAPL,2024-11-26,233.33,235.57,233.33,235.06,45986189
AAPL,2024-11-27,234.465,235.69,233.8101,234.93,33498439
AAPL,2024-11-29,234.81,237.81,233.97,237.33,28481377
AAPL,2024-12-02,237.27,240.79,237.16,239.59,48137103
AAPL,2024-12-03,239.81,242.76,238.9,242.65,38861017
AAPL,2024-12-04,242.87,244.11,241.25,243.01,44383935
AAPL,2024-12-05,243.99,244.54,242.13,243.04,40033878
AAPL,2024-12-06,242.905,244.63,242.08,242.84,36870619
AAPL,2024-12-09,241.83,247.24,241.75,246.75,44649232
AAPL,2024-12-10,246.89,248.21,245.34,247.77,36914806
AAPL,2024-12-11,247.96,250.8,246.2601,246.49,45205814
AAPL,2024-12-12,246.89,248.74,245.68,247.96,32777532
AAPL,2024-12-13,247.815,249.2902,246.24,248.13,33155290
AAPL,2024-12-16,247.99,251.38,247.65,251.04,51694753
AAPL,2024-12-17,250.08,253.83,249.78,253.48,51356360
AAPL,2024-12-18,252.16,254.28,247.74,248.05,56774101
AAPL,2024-12-19,247.5,252.0,247.0949,249.79,60882264
AAPL,2024-12-20,248.04,255.0,245.69,254.49,147495267
AAPL,2024-12-23,254.77,255.65,253.45,255.27,40858774
AAPL,2024-12-24,255.49,258.21,255.29,258.2,23234705
AAPL,2024-12-26,258.19,260.1,257.63,259.02,27262983
AAPL,2024-12-27,257.83,258.7,253.06,255.59,42355321
AAPL,2024-12-30,252.23,253.5,250.75,252.2,35557542
AAPL,2024-12-31,252.44,253.28,249.43,250.42,39480718
AAPL,2025-01-02,248.93,249.1,241.8201,243.85,55740731
AAPL,2025-01-03,243.36,244.18,241.89,243.36,40244114
AAPL,2025-01-06,244.31,247.33,243.2,245.0,45045571
AAPL,2025-01-07,242.98,245.55,241.35,242.21,40855960
AAPL,2025-01-08,241.92,243.7123,240.05,242.7,37628940
AAPL,2025-01-10,240.01,240.16,233.0,236.85,61710856
AAPL,2025-01-13,233.53,234.67,229.72,234.4,49630725
AAPL,2025-01-14,234.75,236.12,232.472,233.28,39435294
AAPL,2025-01-15,234.635,238.96,234.43,237.87,39831969
AAPL,2025-01-16,237.35,238.01,228.03,228.26,71759052
AAPL,2025-01-17,232.115,232.29,228.48,229.98,68488301
AAPL,2025-01-21,224.0,224.42,219.38,222.64,98070429
AAPL,2025-01-22,219.79,224.12,219.79,223.83,64126500
AAPL,2025-01-23,224.74,227.03,222.3,223.66,60234760
AAPL,2025-01-24,224.78,225.63,221.41,222.78,54697907
AAPL,2025-01-27,224.02,232.15,223.98,229.86,94863418
AAPL,2025-01-28,230.85,240.19,230.81,238.26,75707569
AMD,2024-09-04,140.505,143.37,138.51,140.87,39955469
AMD,2024-09-05,138.2,141.71,137.83,139.44,25023021
AMD,2024-09-06,138.7,139.13,132.1101,134.35,39993507
AMD,2024-09-09,136.1,138.445,134.86,138.15,27194508
AMD,2024-09-10,139.06,143.08,137.25,142.84,37217528
AMD,2024-09-11,145.325,150.16,140.71,149.86,50935390
AMD,2024-09-12,148.43,151.54,147.65,150.77,29286166
AMD,2024-09-13,152.32,153.03,150.7,152.31,25117241
AMD,2024-09-16,151.7,154.44,150.912,152.08,27677761
AMD,2024-09-17,153.55,154.045,149.225,150.82,29888994
AMD,2024-09-18,150.9,152.82,148.01,148.29,26320083
AMD,2024-09-19,153.81,159.25,152.77,156.74,44499983
AMD,2024-09-20,156.0,157.45,152.47,155.95,40248201
AMD,2024-09-23,156.445,157.19,154.97,156.75,21728542
AMD,2024-09-24,157.46,159.64,154.58,158.32,27531200
AMD,2024-09-25,158.5,162.95,158.18,162.02,35233264
AMD,2024-09-26,167.055,168.68,164.05,167.49,38044919
AMD,2024-09-27,167.48,168.7286,163.74,164.35,27876037
AMD,2024-09-30,163.1,165.08,162.18,164.08,21920300
AMD,2024-10-01,164.48,165.4,158.08,159.75,31831860
AMD,2024-10-02,159.31,163.1,158.6689,159.78,24630431
AMD,2024-10-03,159.71,166.7894,159.4,162.85,29598787
AMD,2024-10-04,166.533,171.21,164.42,170.9,44640296
AMD,2024-10-07,171.08,172.41,168.21,170.97,38379930
AMD,2024-10-08,171.75,173.6,170.0,172.8,34730152
AMD,2024-10-09,174.05,174.05,169.55,171.02,33890735
AMD,2024-10-10,169.76,172.01,162.0,164.18,75113590
AMD,2024-10-11,164.185,169.35,163.0101,167.89,42136175
AMD,2024-10-14,167.77,168.9,165.15,165.27,31757205
AMD,2024-10-15,163.21,164.13,155.74,156.64,50768024
AMD,2024-10-16,158.075,158.28,154.9159,156.13,30575773
AMD,2024-10-17,160.0,160.44,156.2,156.25,29491853
AMD,2024-10-18,157.41,158.01,155.56,155.97,23822985
AMD,2024-10-21,155.76,158.0,154.15,157.9,25781212
AMD,2024-10-22,156.6,156.74,151.91,154.09,34997352
AMD,2024-10-23,153.0,153.445,150.52,152.91,26095933
AMD,2024-10-24,154.74,155.19,152.35,153.44,22877016
AMD,2024-10-25,155.4,158.91,155.05,156.23,29758489
AMD,2024-10-28,158.5,160.28,157.045,159.92,36010134
AMD,2024-10-29,161.1,167.5099,158.94,166.25,71896038
AMD,2024-10-30,153.01,153.12,148.1,148.6,87701674
AMD,2024-10-31,147.8,148.68,143.33,144.07,44386597
AMD,2024-11-01,144.44,144.54,141.32,141.86,39027430
AMD,2024-11-04,141.7,143.64,139.72,140.71,29117421
AMD,2024-11-05,141.94,143.08,140.8,141.66,27067330
AMD,2024-11-06,144.95,145.625,141.52,145.1,32911499
AMD,2024-11-07,146.68,150.12,145.66,149.82,30326430
AMD,2024-11-08,149.39,150.71,147.525,147.95,27560342
AMD,2024-11-11,147.38,148.57,144.91,147.35,29868125
AMD,2024-11-12,147.0,147.45,141.5501,143.63,33560287
AMD,2024-11-13,142.86,144.49,139.07,139.3,35146648
AMD,2024-11-14,140.34,141.4,138.56,138.84,31681410
AMD,2024-11-15,136.575,137.35,133.65,134.9,44217530
AMD,2024-11-18,138.185,140.9,137.21,138.93,38782434
AMD,2024-11-19,137.41,139.75,137.14,139.39,23131352
AMD,2024-11-20,138.96,140.77,135.48,137.6,28843065
AMD,2024-11-21,138.87,140.2799,134.93,137.49,29311442
AMD,2024-11-22,137.35,139.13,137.04,138.35,21784728
AMD,2024-11-25,140.49,142.35,139.05,141.13,30923110
AMD,2024-11-26,142.55,142.8,136.62,137.72,32092378
AMD,2024-11-27,137.2,137.94,132.96,136.24,30175287
AMD,2024-11-29,136.24,138.59,135.78,137.18,16085714
AMD,2024-12-02,137.915,142.82,137.8,142.06,33102438
AMD,2024-12-03,142.58,143.4495,141.0801,141.98,22665348
AMD,2024-12-04,142.96,144.12,141.18,143.99,25942650
AMD,2024-12-05,143.68,143.95,140.38,141.36,29576925
AMD,2024-12-06,141.48,142.7852,137.4,138.59,33576839
AMD,2024-12-09,135.71,135.77,130.0,130.87,57055558
AMD,2024-12-10,131.56,131.56,127.07,127.74,38907198
AMD,2024-12-11,128.52,131.21,126.2201,130.15,45588138
AMD,2024-12-12,130.0,132.32,129.07,130.6,34267091
AMD,2024-12-13,131.3,131.3,124.77,126.91,67544738
AMD,2024-12-16,126.01,127.76,123.12,126.69,42090277
AMD,2024-12-17,124.45,127.08,123.15,125.02,43314939
AMD,2024-12-18,125.43,127.75,120.43,121.41,49724442
AMD,2024-12-19,122.16,123.38,118.45,118.88,46160667
AMD,2024-12-20,118.0,121.86,117.9,119.21,53591212
AMD,2024-12-23,120.71,126.3387,120.47,124.6,47777898
AMD,2024-12-24,127.51,127.51,124.66,126.29,24829564
AMD,2024-12-26,125.52,127.2999,125.05,125.06,25139138
AMD,2024-12-27,124.37,126.18,122.26,125.19,32924011
AMD,2024-12-30,123.562,124.1,122.35,122.44,30501637
AMD,2024-12-31,123.1,123.55,120.138,120.79,30203428
AMD,2025-01-02,122.29,123.14,119.44,120.63,34256182
AMD,2025-01-03,121.65,125.56,121.42,125.37,36785299
AMD,2025-01-06,129.07,130.73,127.36,129.55,48020190
AMD,2025-01-07,130.51,131.71,126.8537,127.33,39220408
AMD,2025-01-08,124.51,125.3,120.1201,121.84,46723136
AMD,2025-01-10,118.18,118.71,114.4501,116.04,59415614
AMD,2025-01-13,115.28,117.48,114.41,117.32,39128897
AMD,2025-01-14,118.0,118.66,114.5,116.09,37005279
AMD,2025-01-15,117.55,120.42,117.46,119.96,38185819
AMD,2025-01-16,120.24,121.09,118.25,118.44,29414126
AMD,2025-01-17,120.78,122.74,120.55,121.46,35765924
AMD,2025-01-21,122.39,123.75,121.1201,122.28,31578832
AMD,2025-01-22,123.08,125.65,121.912,123.75,35023842
AMD,2025-01-23,121.425,123.71,120.63,123.04,24921108
AMD,2025-01-24,124.55,125.25,122.23,122.84,31570300
AMD,2025-01-27,117.8,118.08,112.8,115.01,61067888
AMD,2025-01-28,115.175,116.15,112.95,114.17,40554760
AMZN,2024-09-04,174.48,175.98,172.54,173.33,29682478
AMZN,2024-09-05,175.0,179.875,174.995,177.89,40170526
AMZN,2024-09-06,177.24,178.38,171.16,171.39,41466537
AMZN,2024-09-09,174.53,175.85,173.51,175.4,29037362
AMZN,2024-09-10,177.49,180.5,176.79,179.55,36233796
AMZN,2024-09-11,180.095,184.99,175.73,184.52,42564698
AMZN,2024-09-12,184.8,187.41,183.54,187.0,33622483
AMZN,2024-09-13,187.0,188.5,185.91,186.49,26495351
AMZN,2024-09-16,185.29,185.81,183.36,184.89,26065485
AMZN,2024-09-17,186.85,189.45,186.14,186.88,26091682
AMZN,2024-09-18,186.45,188.8,185.06,186.43,34448130
AMZN,2024-09-19,190.04,190.99,188.47,189.87,39543168
AMZN,2024-09-20,190.23,191.84,187.41,191.6,100378553
AMZN,2024-09-23,191.64,194.45,190.57,193.88,36993111
AMZN,2024-09-24,194.27,195.37,190.13,193.96,43478926
AMZN,2024-09-25,193.75,193.9498,192.16,192.53,26391144
AMZN,2024-09-26,194.31,194.53,189.54,191.16,36334854
AMZN,2024-09-27,190.68,190.9,187.34,187.97,36002316
AMZN,2024-09-30,187.14,188.49,184.65,186.33,41680400
AMZN,2024-10-01,184.9,186.19,183.4519,185.13,36044906
AMZN,2024-10-02,184.44,186.6,184.04,184.76,23704056
AMZN,2024-10-03,183.045,183.44,180.875,181.96,30204302
AMZN,2024-10-04,185.75,187.6,183.6,186.51,41079011
AMZN,2024-10-07,182.95,183.6,180.25,180.8,42364201
AMZN,2024-10-08,181.915,183.09,180.92,182.72,26372086
AMZN,2024-10-09,182.82,185.845,182.05,185.17,26343117
AMZN,2024-10-10,187.13,188.134,185.83,186.65,27785043
AMZN,2024-10-11,186.63,189.9284,186.3,188.82,25751557
AMZN,2024-10-14,189.78,189.83,187.36,187.54,22614407
AMZN,2024-10-15,187.63,188.41,184.58,187.69,32178925
AMZN,2024-10-16,187.05,187.78,185.61,186.89,23456812
AMZN,2024-10-17,188.22,188.94,186.0,187.53,25039414
AMZN,2024-10-18,187.15,190.74,186.28,188.99,37417670
AMZN,2024-10-21,188.05,189.46,186.4,189.07,24639393
AMZN,2024-10-22,188.35,191.5201,186.975,189.7,29650593
AMZN,2024-10-23,188.85,189.16,183.69,184.71,31937089
AMZN,2024-10-24,185.25,187.11,183.86,186.38,21647395
AMZN,2024-10-25,187.85,190.45,187.53,187.83,29362060
AMZN,2024-10-28,189.565,190.21,188.21,188.39,27930836
AMZN,2024-10-29,188.58,191.4599,187.815,190.83,35690158
AMZN,2024-10-30,194.695,195.61,192.42,192.73,37707550
AMZN,2024-10-31,190.51,190.6,185.23,186.4,75146759
AMZN,2024-11-01,199.0,200.5,197.02,197.93,99687847
AMZN,2024-11-04,196.45,197.33,194.3101,195.78,38492062
AMZN,2024-11-05,196.04,199.82,195.99,199.5,30564784
AMZN,2024-11-06,200.01,207.55,199.14,207.09,72292167
AMZN,2024-11-07,207.44,212.25,207.19,210.05,52878383
AMZN,2024-11-08,209.72,209.9633,207.44,208.18,36075846
AMZN,2024-11-11,208.5,209.65,205.59,206.84,35456012
AMZN,2024-11-12,208.37,209.54,206.01,208.91,38942918
AMZN,2024-11-13,209.4,215.09,209.14,214.1,46212943
AMZN,2024-11-14,214.16,215.9,210.88,211.48,42620309
AMZN,2024-11-15,206.76,207.34,199.61,202.61,86591144
AMZN,2024-11-18,204.15,204.67,200.95,201.7,36512465
AMZN,2024-11-19,199.33,205.3,198.78,204.61,31197867
AMZN,2024-11-20,202.98,203.13,199.45,202.88,32768989
AMZN,2024-11-21,203.49,203.49,195.75,198.38,58800042
AMZN,2024-11-22,198.25,199.2599,196.75,197.12,31530844
AMZN,2024-11-25,199.28,201.9499,199.0,201.45,40685672
AMZN,2024-11-26,201.9,208.0,201.79,207.86,41673737
AMZN,2024-11-27,206.98,207.64,205.05,205.74,28061638
AMZN,2024-11-29,205.83,208.2,204.59,207.89,24892447
AMZN,2024-12-02,209.96,212.99,209.5101,210.71,39523185
AMZN,2024-12-03,210.31,214.02,209.65,213.44,32214828
AMZN,2024-12-04,215.96,220.0,215.75,218.16,48745716
AMZN,2024-12-05,218.03,222.15,217.3,220.55,41140220
AMZN,2024-12-06,220.75,227.15,220.6,227.03,44178069
AMZN,2024-12-09,227.21,230.08,225.67,226.09,46819363
AMZN,2024-12-10,226.09,229.06,224.2002,225.04,31199864
AMZN,2024-12-11,226.41,231.2,226.26,230.26,35385785
AMZN,2024-12-12,229.83,231.09,227.63,228.97,28204084
AMZN,2024-12-13,228.4,230.2,225.8608,227.46,28768080
AMZN,2024-12-16,230.23,233.0,228.01,232.93,37552096
AMZN,2024-12-17,232.39,232.73,227.85,231.15,35948131
AMZN,2024-12-18,230.77,231.3999,220.11,220.52,43281443
AMZN,2024-12-19,224.91,226.09,222.92,223.29,39918739
AMZN,2024-12-20,219.84,226.21,218.73,224.92,88279184
AMZN,2024-12-23,225.01,226.88,223.9,225.06,28070007
AMZN,2024-12-24,226.94,229.14,226.13,229.05,15007497
AMZN,2024-12-26,228.5,228.5,226.6706,227.05,16174500
AMZN,2024-12-27,225.6,226.03,220.9,223.75,27367147
AMZN,2024-12-30,220.06,222.9972,218.43,221.3,28321240
AMZN,2024-12-31,222.965,223.2299,218.94,219.39,24819655
AMZN,2025-01-02,222.03,225.15,218.19,220.22,33956579
AMZN,2025-01-03,222.505,225.36,221.62,224.19,27515606
AMZN,2025-01-06,226.78,228.835,224.84,227.61,31849831
AMZN,2025-01-07,227.9,228.381,221.46,222.11,28084164
AMZN,2025-01-08,223.185,223.52,220.2,222.13,25033292
AMZN,2025-01-10,221.46,221.71,216.5,218.94,36811525
AMZN,2025-01-13,218.06,219.4,216.47,218.46,27262655
AMZN,2025-01-14,220.44,221.82,216.2,217.76,24711650
AMZN,2025-01-15,222.83,223.57,220.75,223.35,31291257
AMZN,2025-01-16,224.42,224.65,220.31,220.66,24757276
AMZN,2025-01-17,225.84,226.51,223.08,225.94,42370123
AMZN,2025-01-21,228.9,231.78,226.94,230.71,39951456
AMZN,2025-01-22,232.02,235.44,231.19,235.01,41448217
AMZN,2025-01-23,234.1,235.52,231.51,235.42,26404364
AMZN,2025-01-24,234.5,236.4,232.93,234.85,25890738
AMZN,2025-01-27,226.21,235.61,225.86,235.42,49428332
AMZN,2025-01-28,234.29,241.77,233.98,238.15,41587188
AVGO,2024-09-04,150.3,157.79,149.15,154.12,20099668
AVGO,2024-09-05,150.565,156.36,150.11,152.82,31548537
AVGO,2024-09-06,143.25,143.5,136.6,136.995,76634630
AVGO,2024-09-09,139.11,141.585,134.9,140.82,39516691
AVGO,2024-09-10,141.22,149.86,141.04,148.21,36067473
AVGO,2024-09-11,148.39,158.87,145.04,158.27,39700766
AVGO,2024-09-12,158.1,166.32,156.83,164.56,43581917
AVGO,2024-09-13,166.735,168.08,164.0401,167.69,29850048
AVGO,2024-09-16,165.19,165.5,160.41,164.02,26126934
AVGO,2024-09-17,165.49,166.02,160.7,162.47,19844343
AVGO,2024-09-18,163.77,167.47,161.36,161.67,26557560
AVGO,2024-09-19,167.68,170.0,165.66,167.42,32453057
AVGO,2024-09-20,167.18,172.02,166.47,171.1,91758507
AVGO,2024-09-23,172.0,173.32,168.3501,172.94,29431112
AVGO,2024-09-24,172.81,175.99,171.68,174.84,34223405
AVGO,2024-09-25,174.65,177.14,173.76,175.52,16613795
AVGO,2024-09-26,178.5,180.25,175.0,178.09,24339996
AVGO,2024-09-27,178.17,178.47,171.76,172.69,20580905
AVGO,2024-09-30,171.87,172.92,169.6302,172.5,16900033
AVGO,2024-10-01,172.16,172.25,165.8,167.47,23770416
AVGO,2024-10-02,167.55,172.84,167.0201,170.66,14317834
AVGO,2024-10-03,169.62,174.94,169.19,171.89,13072281
AVGO,2024-10-04,176.3,176.8998,172.6,176.64,17941387
AVGO,2024-10-07,174.82,178.31,173.86,175.08,15588333
AVGO,2024-10-08,175.42,181.6,174.89,180.73,20774189
AVGO,2024-10-09,179.24,186.42,176.42,185.95,25504058
AVGO,2024-10-10,183.56,186.31,182.53,185.69,16317969
AVGO,2024-10-11,181.14,182.59,177.4,181.48,23070023
AVGO,2024-10-14,183.3,184.9516,180.13,182.31,17195824
AVGO,2024-10-15,180.79,181.7,173.3652,175.98,27657529
AVGO,2024-10-16,178.51,179.25,175.33,176.82,15285054
AVGO,2024-10-17,181.37,185.51,180.69,181.53,25232427
AVGO,2024-10-18,182.32,182.71,178.68,179.89,17835247
AVGO,2024-10-21,179.38,181.7199,178.25,179.99,13695149
AVGO,2024-10-22,178.66,180.69,177.41,179.38,12062648
AVGO,2024-10-23,177.585,178.98,172.57,173.51,19513713
AVGO,2024-10-24,174.26,174.3,169.5,171.35,20485174
AVGO,2024-10-25,174.19,176.796,172.72,173.0,19977679
AVGO,2024-10-28,173.0,173.9728,171.345,172.02,13195829
AVGO,2024-10-29,172.435,180.23,171.2101,179.24,23702344
AVGO,2024-10-30,177.47,179.19,175.62,176.64,17911488
AVGO,2024-10-31,174.45,174.45,167.38,169.77,26086587
AVGO,2024-11-01,168.26,171.3255,167.5,168.92,17847038
AVGO,2024-11-04,169.28,172.45,168.42,168.55,13621310
AVGO,2024-11-05,170.05,174.4,170.05,173.9,13441752
AVGO,2024-11-06,179.63,180.21,175.96,179.55,24300758
AVGO,2024-11-07,181.9853,184.8722,181.79,183.81,18970581
AVGO,2024-11-08,182.99,185.05,181.83,183.64,13503154
AVGO,2024-11-11,183.4,183.63,176.8201,178.91,17036660
AVGO,2024-11-12,178.9,179.56,173.2,176.22,15861981
AVGO,2024-11-13,174.705,175.5926,172.6,173.58,17472513
AVGO,2024-11-14,174.77,175.57,169.87,170.38,20638855
AVGO,2024-11-15,168.47,169.135,163.43,164.84,20836160
AVGO,2024-11-18,165.66,166.3463,162.22,165.67,17870329
AVGO,2024-11-19,166.66,166.8,164.31,165.35,18003401
AVGO,2024-11-20,165.54,165.54,160.86,163.25,17196728
AVGO,2024-11-21,166.25,166.34,160.6,163.94,24835252
AVGO,2024-11-22,164.3,164.9092,162.4,164.23,17332473
AVGO,2024-11-25,165.395,167.225,162.89,164.82,26850591
AVGO,2024-11-26,164.6,166.37,162.69,164.74,16308772
AVGO,2024-11-27,163.2,163.2,157.54,159.67,19722723
AVGO,2024-11-29,159.57,162.69,159.08,162.08,11024005
AVGO,2024-12-02,162.95,168.3797,162.75,166.51,21472442
AVGO,2024-12-03,164.48,168.27,164.03,168.15,17024434
AVGO,2024-12-04,173.44,175.39,168.56,170.56,32748246
AVGO,2024-12-05,170.75,172.3981,169.2,170.47,18489993
AVGO,2024-12-06,170.1,180.68,169.3301,179.53,27830828
AVGO,2024-12-09,178.95,180.7933,176.0209,178.94,20886305
AVGO,2024-12-10,177.81,178.5,169.73,171.81,27762632
AVGO,2024-12-11,180.01,184.87,176.4296,183.2,41295179
AVGO,2024-12-12,180.93,182.0,175.99,180.66,46967170
AVGO,2024-12-13,213.9,228.7,211.11,224.8,121336628
AVGO,2024-12-16,231.79,251.88,230.81,250.0,111623166
AVGO,2024-12-17,240.65,242.47,233.8,240.23,70382134
AVGO,2024-12-18,239.41,239.85,219.22,223.62,53960103
AVGO,2024-12-19,227.91,228.05,217.58,218.32,40845167
AVGO,2024-12-20,220.36,230.29,218.91,220.79,131910354
AVGO,2024-12-23,226.69,233.3994,225.13,232.35,40643778
AVGO,2024-12-24,240.115,240.228,234.8,239.68,22827188
AVGO,2024-12-26,240.0,247.28,237.6,245.36,28537540
AVGO,2024-12-27,245.64,245.78,236.3532,241.75,29282230
AVGO,2024-12-30,234.695,238.77,231.62,235.58,27316797
AVGO,2024-12-31,235.88,237.46,231.31,231.84,17927719
AVGO,2025-01-02,236.155,239.5,230.2425,231.98,31525830
AVGO,2025-01-03,233.59,236.4893,229.0,232.55,24973192
AVGO,2025-01-06,236.5,241.75,233.3,236.41,34028377
AVGO,2025-01-07,239.5,239.5,227.6,228.64,25928606
AVGO,2025-01-08,229.7,232.47,226.06,229.31,18756487
AVGO,2025-01-10,227.3,227.83,221.25,224.31,23864005
AVGO,2025-01-13,219.99,229.26,219.51,225.29,23772091
AVGO,2025-01-14,226.57,230.26,223.1,224.7,18143124
AVGO,2025-01-15,228.55,230.34,225.58,228.0,21745616
AVGO,2025-01-16,235.22,238.6,229.21,229.41,23471871
AVGO,2025-01-17,237.08,238.1,232.66,237.44,31196642
AVGO,2025-01-21,241.5,242.75,237.4,240.31,30903186
AVGO,2025-01-22,246.75,246.99,240.69,240.91,29610501
AVGO,2025-01-23,238.41,240.4,236.12,240.28,17653942
AVGO,2025-01-24,244.7,249.59,241.91,244.7,25387825
AVGO,2025-01-27,213.4,218.43,196.23,202.13,90569376
AVGO,2025-01-28,208.01,209.95,198.89,207.36,50315987
GOOGL,2024-09-04,156.655,159.0,155.9616,156.45,19197458
GOOGL,2024-09-05,156.3,159.45,155.9805,157.24,18688747
GOOGL,2024-09-06,157.3,157.83,150.55,150.92,37912130
GOOGL,2024-09-09,152.51,153.4,147.215,148.71,39260451
GOOGL,2024-09-10,150.45,151.27,148.34,148.66,31118765
GOOGL,2024-09-11,149.92,151.5,147.52,151.16,29607693
GOOGL,2024-09-12,153.8,154.82,152.65,154.69,29695048
GOOGL,2024-09-13,155.43,158.38,155.21,157.46,29591152
GOOGL,2024-09-16,157.31,158.25,156.6,158.06,18379775
GOOGL,2024-09-17,159.02,160.55,158.375,159.32,20715612
GOOGL,2024-09-18,159.86,160.5,158.595,159.81,23677315
GOOGL,2024-09-19,163.71,163.79,161.34,162.14,26587733
GOOGL,2024-09-20,163.5,163.73,162.06,163.59,40896438
GOOGL,2024-09-23,164.35,165.49,161.67,161.85,24150852
GOOGL,2024-09-24,163.03,163.2158,160.69,162.29,23332147
GOOGL,2024-09-25,161.47,162.81,161.3,161.49,18869199
GOOGL,2024-09-26,163.64,164.08,162.28,162.73,20319336
GOOGL,2024-09-27,162.81,165.7,162.6261,163.95,21101307
GOOGL,2024-09-30,163.32,166.15,163.26,165.85,20481303
GOOGL,2024-10-01,167.685,169.16,164.58,166.99,28338123
GOOGL,2024-10-02,166.42,167.52,164.73,165.86,17760179
GOOGL,2024-10-03,164.41,166.64,163.923,165.86,15073101
GOOGL,2024-10-04,168.06,168.23,165.48,167.06,19093724
GOOGL,2024-10-07,167.72,168.48,162.75,162.98,22463140
GOOGL,2024-10-08,163.94,164.725,162.87,164.38,23072733
GOOGL,2024-10-09,163.45,164.84,159.74,161.86,31181774
GOOGL,2024-10-10,160.87,163.07,160.395,162.08,14144068
GOOGL,2024-10-11,162.13,163.9,161.235,163.24,15344251
GOOGL,2024-10-14,163.64,166.226,163.4,164.96,19016141
GOOGL,2024-10-15,165.785,167.68,164.625,165.46,20247195
GOOGL,2024-10-16,164.53,165.8,163.74,165.16,16406030
GOOGL,2024-10-17,165.73,166.37,162.76,162.93,21453395
GOOGL,2024-10-18,163.19,164.71,163.08,163.42,19757661
GOOGL,2024-10-21,162.95,164.5,162.62,164.07,20946455
GOOGL,2024-10-22,162.98,165.77,162.98,165.14,16568121
GOOGL,2024-10-23,164.76,165.82,161.925,162.78,18280518
GOOGL,2024-10-24,162.83,163.33,161.01,162.72,22412527
GOOGL,2024-10-25,163.67,165.59,163.42,165.27,19828884
GOOGL,2024-10-28,168.75,168.75,163.95,166.72,32138641
GOOGL,2024-10-29,167.73,170.38,167.0896,169.68,42169025
GOOGL,2024-10-30,180.68,182.02,174.0599,174.46,68890787
GOOGL,2024-10-31,173.13,176.82,171.0,171.11,44768981
GOOGL,2024-11-01,170.07,172.32,168.88,171.29,31796477
GOOGL,2024-11-04,169.93,170.73,168.011,169.24,21492744
GOOGL,2024-11-05,169.43,170.53,168.84,169.74,18242050
GOOGL,2024-11-06,173.8,176.94,173.5,176.51,33695538
GOOGL,2024-11-07,177.41,181.08,177.19,180.75,25352939
GOOGL,2024-11-08,180.645,180.9,178.08,178.35,22006182
GOOGL,2024-11-11,178.58,180.545,178.47,180.35,17450354
GOOGL,2024-11-12,179.82,182.49,179.39,181.62,25134905
GOOGL,2024-11-13,180.46,180.96,178.54,178.88,23184003
GOOGL,2024-11-14,178.28,178.82,174.3218,175.58,31007457
GOOGL,2024-11-15,173.73,174.14,171.22,172.49,32504649
GOOGL,2024-11-18,173.42,175.438,172.9,175.3,20206613
GOOGL,2024-11-19,173.72,178.87,173.56,178.12,23434925
GOOGL,2024-11-20,177.34,177.675,173.78,175.98,18997111
GOOGL,2024-11-21,173.9,174.13,163.7,167.63,59734379
GOOGL,2024-11-22,165.85,166.46,163.9,164.76,38604587
GOOGL,2024-11-25,166.09,168.63,165.6072,167.65,33135263
GOOGL,2024-11-26,167.63,169.82,167.58,169.12,20486720
GOOGL,2024-11-27,169.0,169.4832,168.02,169.23,19266511
GOOGL,2024-11-29,168.5,169.43,167.16,168.95,14257244
GOOGL,2024-12-02,168.765,172.075,168.57,171.49,23789084
GOOGL,2024-12-03,171.49,172.68,170.85,171.34,22248705
GOOGL,2024-12-04,171.145,174.91,171.06,174.37,31615137
GOOGL,2024-12-05,175.36,176.06,172.33,172.64,21356243
GOOGL,2024-12-06,172.03,175.08,171.86,174.71,21462393
GOOGL,2024-12-09,173.96,176.26,173.65,175.37,25389631
GOOGL,2024-12-10,182.845,186.36,181.05,185.17,54813022
GOOGL,2024-12-11,185.31,195.61,184.85,195.4,67894071
GOOGL,2024-12-12,195.0,195.18,191.71,191.96,34817486
GOOGL,2024-12-13,191.01,192.73,189.64,189.82,25143495
GOOGL,2024-12-16,192.87,199.0,192.62,196.66,44934901
GOOGL,2024-12-17,197.25,201.42,194.98,195.42,43504025
GOOGL,2024-12-18,195.22,197.0,187.74,188.4,34166074
GOOGL,2024-12-19,191.625,193.03,188.38,188.51,32265241
GOOGL,2024-12-20,185.78,192.89,185.22,191.41,63462934
GOOGL,2024-12-23,192.62,195.1,190.15,194.63,25675014
GOOGL,2024-12-24,194.84,196.11,193.78,196.11,10403259
GOOGL,2024-12-26,195.15,196.748,194.375,195.6,12057210
GOOGL,2024-12-27,194.95,195.32,190.65,192.76,18891362
GOOGL,2024-12-30,189.8,192.55,189.12,191.24,14264659
GOOGL,2024-12-31,191.075,191.96,188.51,189.3,17466919
GOOGL,2025-01-02,190.65,192.0,187.5,189.43,20370828
GOOGL,2025-01-03,191.37,193.21,189.975,191.79,18596159
GOOGL,2025-01-06,193.98,198.2222,193.85,196.87,29563638
GOOGL,2025-01-07,197.11,201.0,194.6,195.49,26487244
GOOGL,2025-01-08,192.57,196.29,192.38,193.95,24864766
GOOGL,2025-01-10,194.295,196.52,190.31,192.04,26665206
GOOGL,2025-01-13,190.07,191.18,187.36,191.01,21823699
GOOGL,2025-01-14,191.24,191.98,188.3082,189.66,17174854
GOOGL,2025-01-15,193.09,196.36,191.86,195.55,21775969
GOOGL,2025-01-16,194.14,195.48,192.81,192.91,17815432
GOOGL,2025-01-17,196.53,197.23,193.75,196.0,27735089
GOOGL,2025-01-21,199.07,202.29,197.87,198.05,29971292
GOOGL,2025-01-22,199.06,200.48,197.53,198.37,26200617
GOOGL,2025-01-23,198.14,200.3,195.2,197.98,26951357
GOOGL,2025-01-24,198.1,200.9,198.0,200.21,23877521
GOOGL,2025-01-27,192.41,196.88,190.73,191.81,41728893
GOOGL,2025-01-28,192.745,195.48,190.68,195.3,24157929
KO,2024-09-04,73.3,73.53,71.91,72.56,17074395
KO,2024-09-05,72.62,72.68,70.98,71.17,23866125
KO,2024-09-06,70.99,71.67,70.89,71.14,17485707
KO,2024-09-09,71.23,72.305,70.98,71.85,12939256
KO,2024-09-10,71.97,72.42,71.52,71.55,10277585
KO,2024-09-11,71.36,71.37,70.5701,71.08,11418234
KO,2024-09-12,71.0,71.38,70.655,71.23,12340779
KO,2024-09-13,70.84,71.465,70.48,71.41,11073849
KO,2024-09-16,71.77,72.24,71.62,72.1,10786531
KO,2024-09-17,71.9,72.35,71.725,71.8,12974382
KO,2024-09-18,71.89,72.38,71.27,71.75,10719713
KO,2024-09-19,71.56,71.94,70.6,70.62,13635646
KO,2024-09-20,70.41,71.8,70.38,71.64,48578480
KO,2024-09-23,71.55,72.2,71.18,71.73,11613022
KO,2024-09-24,71.22,71.815,70.6,71.33,13330638
KO,2024-09-25,71.71,71.92,71.305,71.45,12329127
KO,2024-09-26,70.86,71.61,70.84,71.4,10815219
KO,2024-09-27,71.54,72.2,71.46,71.79,11175706
KO,2024-09-30,72.0,72.2,71.69,71.86,18016013
KO,2024-10-01,72.1,72.745,71.63,71.71,13294498
KO,2024-10-02,71.39,71.43,70.41,71.01,11155480
KO,2024-10-03,70.86,70.99,70.2,70.52,9374794
KO,2024-10-04,69.96,70.28,69.72,70.17,12687289
KO,2024-10-07,70.05,70.1,68.87,69.01,14511962
KO,2024-10-08,69.04,69.44,68.86,69.18,13549702
KO,2024-10-09,69.19,69.74,69.07,69.57,9037735
KO,2024-10-10,69.83,69.91,68.985,69.25,8635150
KO,2024-10-11,69.46,69.59,68.995,69.57,8786318
KO,2024-10-14,69.57,70.47,69.47,70.34,7659318
KO,2024-10-15,70.46,71.21,70.16,70.34,10358734
KO,2024-10-16,70.09,70.7,69.97,70.57,7937347
KO,2024-10-17,70.63,70.69,69.58,69.9,14674631
KO,2024-10-18,69.87,70.55,69.605,70.44,15087519
KO,2024-10-21,70.0,70.325,69.305,69.45,11981163
KO,2024-10-22,69.0,69.745,68.68,69.45,18603251
KO,2024-10-23,66.99,68.7,66.58,68.01,24655203
KO,2024-10-24,67.65,68.04,66.952,67.3,17568831
KO,2024-10-25,67.07,67.7,66.79,66.92,11138127
KO,2024-10-28,66.96,67.395,66.6,66.67,10761416
KO,2024-10-29,66.29,66.34,65.52,65.56,16525917
KO,2024-10-30,65.51,66.535,65.32,65.92,14177766
KO,2024-10-31,65.81,65.99,65.255,65.31,13383717
KO,2024-11-01,65.47,65.66,64.89,65.01,12163094
KO,2024-11-04,65.08,65.42,64.6507,65.11,10984502
KO,2024-11-05,64.64,65.4698,64.64,65.37,8780220
KO,2024-11-06,64.42,64.86,63.18,63.7,22899263
KO,2024-11-07,64.29,64.39,63.6,63.66,14856051
KO,2024-11-08,63.91,64.24,63.74,63.92,14719308
KO,2024-11-11,63.99,64.12,63.2509,63.36,13980873
KO,2024-11-12,63.68,63.75,63.12,63.2,15020975
KO,2024-11-13,63.05,63.26,62.49,63.0,13177637
KO,2024-11-14,63.11,63.11,62.43,62.55,15910820
KO,2024-11-15,62.49,62.63,61.39,61.74,26284331
KO,2024-11-18,61.85,62.14,61.56,61.86,16079364
KO,2024-11-19,61.9,62.62,61.63,62.59,16254832
KO,2024-11-20,62.7,63.01,62.02,62.99,18904909
KO,2024-11-21,63.15,63.81,62.95,63.76,17292300
KO,2024-11-22,64.24,64.48,63.65,63.92,19562231
KO,2024-11-25,64.32,64.71,63.84,64.38,36805252
KO,2024-11-26,64.31,64.64,64.06,64.55,14473271
KO,2024-11-27,64.96,65.1,64.25,64.43,13263403
KO,2024-11-29,64.02,64.25,63.77,64.08,10648354
KO,2024-12-02,64.05,64.19,63.345,63.65,16500095
KO,2024-12-03,63.72,64.08,63.025,63.52,24874490
KO,2024-12-04,63.275,63.35,61.9,62.21,28137660
KO,2024-12-05,62.47,63.12,62.1,62.92,21040359
KO,2024-12-06,62.83,63.36,62.51,62.53,15581148
KO,2024-12-09,62.69,62.929,61.9,62.6,22348331
KO,2024-12-10,62.7,63.04,61.79,62.91,14949415
KO,2024-12-11,63.0,63.63,62.4,62.64,32819011
KO,2024-12-12,63.55,63.92,63.22,63.84,17542091
KO,2024-12-13,63.57,63.835,63.11,63.12,13429033
KO,2024-12-16,63.23,63.86,62.35,62.55,24559738
KO,2024-12-17,62.45,63.55,62.32,63.4,21902382
KO,2024-12-18,62.81,63.64,62.79,62.85,20946087
KO,2024-12-19,62.7,63.17,62.4,62.45,21300647
KO,2024-12-20,62.47,63.06,62.28,62.55,42458096
KO,2024-12-23,62.5,62.76,61.5318,62.38,13010758
KO,2024-12-24,62.2,62.84,62.01,62.84,5019131
KO,2024-12-26,62.62,62.74,62.4,62.57,7945641
KO,2024-12-27,62.45,62.95,62.209,62.45,8542773
KO,2024-12-30,62.34,62.34,61.68,62.03,8972212
KO,2024-12-31,62.02,62.43,61.8,62.26,9256664
KO,2025-01-02,62.35,62.75,61.62,61.84,12990975
KO,2025-01-03,61.9,62.075,61.62,61.75,10403204
KO,2025-01-06,61.5,61.565,60.66,60.81,17924237
KO,2025-01-07,61.11,61.7175,60.615,60.84,17799629
KO,2025-01-08,60.99,61.77,60.93,61.71,14412397
KO,2025-01-10,61.58,61.65,60.73,61.07,22424951
KO,2025-01-13,61.13,61.845,60.71,61.65,18016173
KO,2025-01-14,61.655,62.065,61.3,62.04,16658287
KO,2025-01-15,62.33,62.62,61.68,61.77,16187203
KO,2025-01-16,61.42,62.3,61.32,62.25,12585528
KO,2025-01-17,62.31,62.765,62.17,62.71,17948868
KO,2025-01-21,62.9,63.23,62.3,62.42,19817068
KO,2025-01-22,62.12,62.285,61.66,61.78,18191886
KO,2025-01-23,61.8,61.98,61.37,61.53,16528423
KO,2025-01-24,61.72,62.01,61.435,61.92,19244604
KO,2025-01-27,62.87,64.18,62.473,63.87,20742915
KO,2025-01-28,63.51,64.04,62.28,62.36,14956031
META,2024-09-04,506.07,516.59,504.07,512.74,8255543
META,2024-09-05,511.72,521.6295,511.15,516.86,8640888
META,2024-09-06,521.88,524.5849,498.25,500.27,14744521
META,2024-09-09,506.16,511.33,502.08,504.79,11047828
META,2024-09-10,508.16,514.18,500.0278,504.79,9899022
META,2024-09-11,507.01,513.12,495.6,511.83,10782532
META,2024-09-12,517.05,526.71,515.22,525.6,11993342
META,2024-09-13,520.34,527.581,517.11,524.62,10321422
META,2024-09-16,524.54,534.1,517.4,533.28,9527646
META,2024-09-17,537.6,542.1,530.57,536.315,11690779
META,2024-09-18,537.065,544.2,533.9026,537.95,10323537
META,2024-09-19,550.0,562.07,546.52,559.1,15646951
META,2024-09-20,560.0,564.5,556.3001,561.35,22066817
META,2024-09-23,569.5,573.9799,562.41,564.41,12830669
META,2024-09-24,566.68,567.745,554.19,563.33,12992956
META,2024-09-25,564.05,576.88,563.72,568.31,16543350
META,2024-09-26,575.73,577.4,562.3501,567.84,14400787
META,2024-09-27,570.1,570.8399,564.51,567.36,9398367
META,2024-09-30,567.7,574.68,564.8,572.44,12807206
META,2024-10-01,577.98,583.04,570.1,576.47,15259274
META,2024-10-02,574.86,576.0,569.34,572.81,6524650
META,2024-10-03,570.15,583.36,568.73,582.77,11580980
META,2024-10-04,583.73,596.85,581.43,595.94,14199788
META,2024-10-07,598.22,602.95,584.04,584.78,12014198
META,2024-10-08,589.69,593.56,585.97,592.89,7857377
META,2024-10-09,593.99,594.39,581.61,590.51,9529707
META,2024-10-10,587.57,590.23,582.52,583.83,7740449
META,2024-10-11,584.83,591.21,582.71,589.95,8587051
META,2024-10-14,594.22,600.1,589.96,590.42,8251971
META,2024-10-15,590.16,590.61,580.143,586.27,9564236
META,2024-10-16,581.395,582.08,574.03,576.79,11268384
META,2024-10-17,583.33,584.97,575.2,576.93,8701158
META,2024-10-18,581.1,583.9675,575.25,576.47,7694274
META,2024-10-21,576.03,577.2399,569.11,575.16,8171879
META,2024-10-22,574.29,583.53,572.12,582.01,8544463
META,2024-10-23,579.97,585.0,562.5,563.69,14248419
META,2024-10-24,567.125,568.8799,561.52,567.78,7184651
META,2024-10-25,573.935,581.29,571.72,573.25,11337874
META,2024-10-28,582.0,583.7499,574.12,578.16,10925131
META,2024-10-29,580.145,593.67,575.398,593.28,13019092
META,2024-10-30,600.98,601.2,589.38,591.8,26864925
META,2024-10-31,585.0,589.9,563.01,567.58,26838395
META,2024-11-01,567.605,573.67,562.56,567.16,15303235
META,2024-11-04,564.1,568.69,557.89,560.68,12064601
META,2024-11-05,567.305,573.48,566.67,572.43,9775379
META,2024-11-06,562.75,573.0,555.1679,572.05,18305429
META,2024-11-07,576.89,594.7999,575.21,591.7,14653708
META,2024-11-08,591.54,593.1,584.52,589.34,9415699
META,2024-11-11,586.36,587.0,576.51,583.17,10209051
META,2024-11-12,588.545,599.66,580.38,584.82,16287724
META,2024-11-13,582.605,585.64,575.17,580.0,10757583
META,2024-11-14,577.0,580.76,573.01,577.16,11053743
META,2024-11-15,571.22,572.57,551.5,554.08,17712864
META,2024-11-18,557.04,559.9,550.09,554.4,14346715
META,2024-11-19,551.86,561.43,550.6,561.09,9522445
META,2024-11-20,562.93,566.3499,554.2001,565.52,9797339
META,2024-11-21,569.52,570.0,549.05,563.09,11154749
META,2024-11-22,563.55,563.8273,554.59,559.14,9164004
META,2024-11-25,562.1,572.5915,556.39,565.11,13599830
META,2024-11-26,566.0,577.5,565.2,573.54,10356550
META,2024-11-27,574.89,574.98,564.1001,569.2,7200228
META,2024-11-29,569.0,578.46,566.9,574.32,7130519
META,2024-12-02,577.5,594.5,575.57,592.83,12522371
META,2024-12-03,595.0,614.2,591.2501,613.65,14907164
META,2024-12-04,612.96,617.78,605.1,613.78,14697006
META,2024-12-05,617.075,619.9,607.05,608.93,8081212
META,2024-12-06,610.1,629.7899,608.53,623.77,16935503
META,2024-12-09,623.925,626.4,606.1701,613.57,11426015
META,2024-12-10,617.56,625.59,612.74,619.32,10938854
META,2024-12-11,623.37,638.4,621.5349,632.68,10837228
META,2024-12-12,631.5,636.6599,627.2094,630.79,7474717
META,2024-12-13,627.22,631.08,616.886,620.35,8453349
META,2024-12-16,629.975,631.15,618.58,624.24,10885625
META,2024-12-17,626.17,632.37,616.54,619.44,12897842
META,2024-12-18,621.0,627.36,596.32,597.19,17075480
META,2024-12-19,610.39,611.52,595.0,595.57,14958082
META,2024-12-20,590.58,603.11,580.0,585.25,48989390
META,2024-12-23,589.6,601.09,586.25,599.85,10205750
META,2024-12-24,602.715,607.99,599.2849,607.75,4726056
META,2024-12-26,605.48,606.3,598.94,603.35,6091239
META,2024-12-27,599.41,601.85,589.8,599.81,8084229
META,2024-12-30,588.75,596.9399,585.58,591.24,7025864
META,2024-12-31,592.265,593.97,583.85,585.51,6019520
META,2025-01-02,589.72,604.91,587.82,599.24,12682269
META,2025-01-03,604.76,609.5,596.4136,604.63,11436784
META,2025-01-06,611.825,630.99,605.62,630.2,14560754
META,2025-01-07,631.7,632.1011,608.23,617.89,12071479
META,2025-01-08,613.395,616.4397,602.79,610.72,10085846
META,2025-01-10,610.03,629.91,597.34,615.86,19256564
META,2025-01-13,607.1,608.97,598.445,608.33,10785031
META,2025-01-14,605.065,605.49,588.55,594.25,13597992
META,2025-01-15,610.21,622.46,606.5,617.12,15524302
META,2025-01-16,611.5,616.25,609.71,611.3,8355349
META,2025-01-17,624.05,624.97,603.67,612.77,17280600
META,2025-01-21,617.825,621.5,609.0082,616.46,11674016
META,2025-01-22,623.3,633.7,619.435,623.5,12274011
META,2025-01-23,627.36,636.6,621.15,636.45,9910163
META,2025-01-24,636.4,652.0,634.2,647.49,19065329
META,2025-01-27,626.61,663.87,625.1,659.88,28399190
META,2025-01-28,666.0,682.58,659.465,674.33,20950107
MSFT,2024-09-04,405.91,411.24,404.37,408.9,14886710
MSFT,2024-09-05,407.62,413.1,406.13,408.39,14195516
MSFT,2024-09-06,409.06,410.65,400.8,401.7,19609526
MSFT,2024-09-09,407.24,408.65,402.15,405.72,15295134
MSFT,2024-09-10,408.2,416.33,407.7,414.2,19594287
MSFT,2024-09-11,415.5,423.99,409.58,423.04,19266923
MSFT,2024-09-12,423.31,427.3692,419.75,427.0,17418759
MSFT,2024-09-13,425.825,431.83,425.46,430.59,15874555
MSFT,2024-09-16,430.6,433.53,428.22,431.34,13834697
MSFT,2024-09-17,440.23,441.85,432.27,435.15,18874231
MSFT,2024-09-18,435.0,436.03,430.41,430.81,18898042
MSFT,2024-09-19,441.225,441.5,436.9,438.69,21706559
MSFT,2024-09-20,437.22,439.24,434.22,435.27,55167106
MSFT,2024-09-23,434.28,436.46,430.3889,433.51,15128891
MSFT,2024-09-24,433.0,433.35,426.1,429.17,17015754
MSFT,2024-09-25,429.83,433.119,428.57,432.11,13396364
MSFT,2024-09-26,435.085,435.3,429.13,431.31,14492044
MSFT,2024-09-27,431.52,431.85,427.47,428.02,14896131
MSFT,2024-09-30,428.21,430.42,425.37,430.3,16854606
MSFT,2024-10-01,428.45,428.48,418.81,420.69,19092945
MSFT,2024-10-02,422.58,422.82,416.71,417.13,16582257
MSFT,2024-10-03,417.63,419.55,414.29,416.54,13686421
MSFT,2024-10-04,418.24,419.75,414.97,416.06,19190913
MSFT,2024-10-07,416.0,417.11,409.0,409.54,20919761
MSFT,2024-10-08,410.9,415.66,408.17,414.71,19229261
MSFT,2024-10-09,415.86,420.38,414.3,417.46,14974257
MSFT,2024-10-10,415.225,417.35,413.15,415.84,13848376
MSFT,2024-10-11,416.135,417.13,413.25,416.32,14144944
MSFT,2024-10-14,417.77,424.04,417.52,419.14,16653086
MSFT,2024-10-15,422.18,422.48,415.26,418.74,18900201
MSFT,2024-10-16,415.17,416.36,410.48,416.12,15508932
MSFT,2024-10-17,422.36,422.5,415.59,416.72,14820004
MSFT,2024-10-18,417.14,419.65,416.2601,418.16,17145317
MSFT,2024-10-21,416.12,418.96,413.7501,418.78,14206115
MSFT,2024-10-22,418.49,430.5793,418.04,427.51,25482197
MSFT,2024-10-23,430.855,431.08,422.53,424.6,19654379
MSFT,2024-10-24,425.325,425.9782,422.4,424.73,13581631
MSFT,2024-10-25,426.76,432.52,426.565,428.15,16899064
MSFT,2024-10-28,431.655,431.94,426.3,426.59,14882444
MSFT,2024-10-29,428.0,433.17,425.8001,431.95,17644080
MSFT,2024-10-30,437.435,438.5,432.1,432.53,29749149
MSFT,2024-10-31,415.36,416.16,406.3,406.35,53970981
MSFT,2024-11-01,409.01,415.5,407.5,410.37,24230442
MSFT,2024-11-04,409.8,410.415,405.5713,408.46,19672286
MSFT,2024-11-05,408.37,414.9,408.08,411.46,17626011
MSFT,2024-11-06,412.42,420.45,410.52,420.18,26681842
MSFT,2024-11-07,421.28,426.85,419.88,425.43,19901782
MSFT,2024-11-08,425.32,426.5,421.78,422.54,16891414
MSFT,2024-11-11,422.515,424.81,416.0,418.01,24503321
MSFT,2024-11-12,418.25,424.44,417.2,423.03,19401204
MSFT,2024-11-13,421.64,429.325,418.21,425.2,21502185
MSFT,2024-11-14,425.0,428.17,420.0,426.89,30246881
MSFT,2024-11-15,419.82,422.8,413.64,415.0,28247644
MSFT,2024-11-18,414.87,418.4037,412.1,415.76,24742013
MSFT,2024-11-19,413.11,417.94,411.55,417.79,18133529
MSFT,2024-11-20,416.87,417.29,410.58,415.49,19191655
MSFT,2024-11-21,419.5,419.78,410.2887,412.87,20780162
MSFT,2024-11-22,411.365,417.4,411.06,417.0,24814626
MSFT,2024-11-25,418.38,421.08,414.85,418.79,27691090
MSFT,2024-11-26,419.585,429.0414,418.85,427.99,23458889
MSFT,2024-11-27,425.105,427.2299,422.02,422.99,18332444
MSFT,2024-11-29,420.09,424.88,417.8,423.46,16271921
MSFT,2024-12-02,421.57,433.0,421.31,430.98,20207223
MSFT,2024-12-03,429.84,432.47,427.74,431.2,18301987
MSFT,2024-12-04,433.03,439.67,432.63,437.42,26009429
MSFT,2024-12-05,437.92,444.66,436.171,442.62,21697775
MSFT,2024-12-06,442.3,446.1,441.7703,443.57,18821002
MSFT,2024-12-09,442.6,448.33,440.5,446.02,19144388
MSFT,2024-12-10,444.39,449.62,441.6,443.33,18469459
MSFT,2024-12-11,444.05,450.35,444.05,448.99,19200208
MSFT,2024-12-12,449.11,456.1648,449.11,449.56,20834779
MSFT,2024-12-13,448.435,451.43,445.58,447.27,20177833
MSFT,2024-12-16,447.27,452.18,445.28,451.59,23598834
MSFT,2024-12-17,451.01,455.29,449.57,454.46,22733494
MSFT,2024-12-18,451.32,452.65,437.02,437.39,24444545
MSFT,2024-12-19,441.62,443.1834,436.32,437.03,22963681
MSFT,2024-12-20,433.11,443.74,428.63,436.6,64263694
MSFT,2024-12-23,436.74,437.65,432.83,435.25,19152519
MSFT,2024-12-24,434.65,439.6,434.19,439.33,7164543
MSFT,2024-12-26,439.08,440.94,436.63,438.11,8199927
MSFT,2024-12-27,434.6,435.22,426.35,430.53,18117713
MSFT,2024-12-30,426.06,427.55,421.9,424.83,13158703
MSFT,2024-12-31,426.1,426.73,420.66,421.5,13246509
MSFT,2025-01-02,425.53,426.07,414.85,418.58,16896469
MSFT,2025-01-03,421.08,424.03,419.54,423.35,16662943
MSFT,2025-01-06,428.0,434.32,425.4774,427.85,20573648
MSFT,2025-01-07,429.0,430.65,420.8,422.37,18139065
MSFT,2025-01-08,423.46,426.97,421.54,424.56,15054575
MSFT,2025-01-10,424.63,424.71,415.02,418.95,20201132
MSFT,2025-01-13,415.235,418.5,412.29,417.19,17604780
MSFT,2025-01-14,417.81,419.74,410.72,415.67,16935856
MSFT,2025-01-15,419.13,428.15,418.265,426.31,19637838
MSFT,2025-01-16,428.695,429.49,424.39,424.58,15300023
MSFT,2025-01-17,434.085,434.48,428.17,429.03,26197507
MSFT,2025-01-21,430.2,430.8999,425.595,428.5,26085703
MSFT,2025-01-22,437.56,447.27,436.0,446.2,27803811
MSFT,2025-01-23,442.0,446.75,441.5048,446.71,18389270
MSFT,2025-01-24,445.16,446.65,441.4,444.06,15549453
MSFT,2025-01-27,424.01,435.2,423.5,434.56,35647805
MSFT,2025-01-28,434.6,448.38,431.38,447.2,23491703
NVDA,2024-09-04,105.41,113.27,104.12,106.21,368378810
NVDA,2024-09-05,104.985,109.65,104.76,107.21,306850696
NVDA,2024-09-06,108.04,108.15,100.95,102.83,413638098
NVDA,2024-09-09,104.88,106.55,103.69,106.47,273912015
NVDA,2024-09-10,107.81,109.4,104.95,108.1,268283736
NVDA,2024-09-11,109.39,117.19,107.42,116.91,441422370
NVDA,2024-09-12,116.84,120.79,115.38,119.14,367100496
NVDA,2024-09-13,119.08,119.955,117.6,119.1,238358328
NVDA,2024-09-16,116.79,118.18,114.36,116.78,248772308
NVDA,2024-09-17,118.17,118.8,114.83,115.59,231925876
NVDA,2024-09-18,115.89,117.7,113.22,113.37,310318937
NVDA,2024-09-19,117.35,119.66,117.25,117.87,293506438
NVDA,2024-09-20,117.06,118.6181,115.3901,116.0,382462428
NVDA,2024-09-23,116.55,116.99,114.86,116.26,206228490
NVDA,2024-09-24,116.515,121.8,115.38,120.87,354966772
NVDA,2024-09-25,122.02,124.94,121.61,123.51,284692948
NVDA,2024-09-26,126.8,127.665,121.8,124.04,302582868
NVDA,2024-09-27,123.97,124.03,119.26,121.4,271009175
NVDA,2024-09-30,118.31,121.5,118.15,121.44,227053651
NVDA,2024-10-01,121.765,122.4351,115.79,117.0,302094485
NVDA,2024-10-02,116.44,119.38,115.14,118.85,221845887
NVDA,2024-10-03,120.92,124.36,120.3401,122.85,277117973
NVDA,2024-10-04,124.94,125.04,121.83,124.92,244465552
NVDA,2024-10-07,124.99,130.64,124.95,127.72,346250233
NVDA,2024-10-08,130.26,133.48,129.42,132.89,285722485
NVDA,2024-10-09,134.11,134.52,131.38,132.65,246191612
NVDA,2024-10-10,131.91,135.0,131.0,134.81,242311337
NVDA,2024-10-11,134.01,135.78,133.66,134.8,170209474
NVDA,2024-10-14,136.47,139.6,136.3,138.07,232347668
NVDA,2024-10-15,137.87,138.57,128.74,131.6,377831021
NVDA,2024-10-16,133.98,136.62,131.58,135.72,264879720
NVDA,2024-10-17,139.34,140.89,136.87,136.93,306435921
NVDA,2024-10-18,138.665,138.9,137.28,138.0,176090184
NVDA,2024-10-21,138.13,143.71,138.0,143.71,264554514
NVDA,2024-10-22,142.91,144.42,141.78,143.59,226311589
NVDA,2024-10-23,142.03,142.43,137.46,139.56,285930038
NVDA,2024-10-24,140.82,141.35,138.46,140.41,172354888
NVDA,2024-10-25,140.93,144.13,140.8,141.54,205122109
NVDA,2024-10-28,143.0,143.14,140.05,140.52,173586745
NVDA,2024-10-29,140.285,142.2598,138.9,141.25,157593634
NVDA,2024-10-30,139.54,140.33,136.81,139.335,179418082
NVDA,2024-10-31,137.6,137.61,132.1106,132.76,270039641
NVDA,2024-11-01,134.7,137.31,134.57,135.4,207127838
NVDA,2024-11-04,137.21,138.96,135.57,136.05,187528173
NVDA,2024-11-05,137.45,140.3701,137.33,139.91,160537373
NVDA,2024-11-06,142.96,146.49,141.96,145.61,242043945
NVDA,2024-11-07,146.39,148.93,146.17,148.88,207323303
NVDA,2024-11-08,148.77,149.77,146.26,147.63,175665830
NVDA,2024-11-11,148.68,148.85,143.57,145.26,182325620
NVDA,2024-11-12,146.78,149.65,146.01,148.29,198634738
NVDA,2024-11-13,149.07,149.33,145.9,146.27,191903267
NVDA,2024-11-14,147.64,149.0,145.55,146.76,194463301
NVDA,2024-11-15,144.87,145.24,140.08,141.98,250132869
NVDA,2024-11-18,139.5,141.55,137.15,140.15,221865993
NVDA,2024-11-19,141.32,147.13,140.99,147.01,227834912
NVDA,2024-11-20,147.41,147.56,142.73,145.89,309871654
NVDA,2024-11-21,149.35,152.89,140.7,146.67,400946570
NVDA,2024-11-22,145.93,147.16,141.1,141.95,236406154
NVDA,2024-11-25,141.99,142.05,135.82,136.02,344941875
NVDA,2024-11-26,137.7,139.3,135.67,136.92,190287654
NVDA,2024-11-27,135.01,137.22,131.8,135.34,226370912
NVDA,2024-11-29,136.78,139.35,136.05,138.25,141863156
NVDA,2024-12-02,138.83,140.45,137.825,138.63,171682777
NVDA,2024-12-03,138.26,140.54,137.95,140.26,164413965
NVDA,2024-12-04,141.995,145.79,140.29,145.14,231224295
NVDA,2024-12-05,145.11,146.54,143.95,145.06,172621180
NVDA,2024-12-06,144.6,145.7,141.31,142.44,188505573
NVDA,2024-12-09,138.97,139.95,137.13,138.81,189308625
NVDA,2024-12-10,139.01,141.82,133.79,135.07,210020888
NVDA,2024-12-11,137.36,140.17,135.21,139.31,184905192
NVDA,2024-12-12,137.08,138.44,135.8,137.34,159211393
NVDA,2024-12-13,138.94,139.6,132.54,134.25,231514881
NVDA,2024-12-16,134.18,134.4,130.42,132.0,237951130
NVDA,2024-12-17,129.09,131.59,126.86,130.39,259410263
NVDA,2024-12-18,133.86,136.7,128.28,128.91,277444533
NVDA,2024-12-19,131.76,134.03,129.55,130.68,209719210
NVDA,2024-12-20,129.81,135.28,128.22,134.7,306528553
NVDA,2024-12-23,136.28,139.79,135.1201,139.67,176053506
NVDA,2024-12-24,140.0,141.9,138.65,140.22,105156989
NVDA,2024-12-26,139.7,140.85,137.73,139.93,116519090
NVDA,2024-12-27,138.55,139.02,134.71,137.01,170582603
NVDA,2024-12-30,134.83,140.27,134.02,137.49,167734700
NVDA,2024-12-31,138.03,138.07,133.83,134.29,155659211
NVDA,2025-01-02,136.0,138.88,134.63,138.31,198247166
NVDA,2025-01-03,140.01,144.9,139.73,144.47,229322478
NVDA,2025-01-06,148.59,152.156,147.8201,149.43,265377359
NVDA,2025-01-07,153.03,153.13,140.01,140.14,351782174
NVDA,2025-01-08,142.58,143.95,137.56,140.11,227349948
NVDA,2025-01-10,137.45,139.92,134.22,135.91,207602514
NVDA,2025-01-13,129.99,133.49,129.51,133.23,204808914
NVDA,2025-01-14,136.05,136.38,130.05,131.76,195590485
NVDA,2025-01-15,133.65,136.45,131.29,136.24,185217338
NVDA,2025-01-16,138.64,138.75,133.49,133.57,209235583
NVDA,2025-01-17,136.69,138.5,135.4649,137.71,201188760
NVDA,2025-01-21,139.16,141.83,137.09,140.83,197748985
NVDA,2025-01-22,144.66,147.79,143.67,147.07,237651395
NVDA,2025-01-23,145.05,147.23,143.72,147.22,155915549
NVDA,2025-01-24,148.37,148.97,141.88,142.62,234657635
NVDA,2025-01-27,124.8,128.4,116.7,118.42,818830895
NVDA,2025-01-28,121.81,129.0,116.25,128.99,579666350
ORCL,2024-09-04,138.44,141.1009,137.95,140.75,6224492
ORCL,2024-09-05,141.4,143.28,140.305,142.61,8733246
ORCL,2024-09-06,143.79,143.94,139.4,141.81,11154796
ORCL,2024-09-09,142.49,143.3,139.51,139.89,20233428
ORCL,2024-09-10,154.23,160.52,153.12,155.89,37374210
ORCL,2024-09-11,156.78,159.44,154.8401,157.18,12630122
ORCL,2024-09-12,159.04,162.34,157.9,161.38,16352048
ORCL,2024-09-13,173.7,173.935,161.0,162.03,25727805
ORCL,2024-09-16,164.99,173.99,164.51,170.33,27384374
ORCL,2024-09-17,170.28,170.64,166.77,167.47,12580114
ORCL,2024-09-18,167.62,167.62,163.73,164.53,12274414
ORCL,2024-09-19,167.25,168.16,164.51,167.59,10075884
ORCL,2024-09-20,167.13,168.83,166.6,168.0,12187736
ORCL,2024-09-23,167.225,167.33,164.26,165.95,7916081
ORCL,2024-09-24,165.74,166.1,163.92,165.8,6155076
ORCL,2024-09-25,167.69,168.75,165.66,166.28,7142437
ORCL,2024-09-26,167.65,168.36,166.48,168.1,7096842
ORCL,2024-09-27,168.09,169.1098,166.51,168.74,8974377
ORCL,2024-09-30,169.5,170.52,166.45,170.4,10218973
ORCL,2024-10-01,170.22,170.51,165.97,167.16,7595053
ORCL,2024-10-02,167.6,169.18,167.27,167.71,7073025
ORCL,2024-10-03,166.89,167.86,166.24,166.86,4735708
ORCL,2024-10-04,168.71,170.9,168.165,170.86,6389504
ORCL,2024-10-07,170.42,172.33,169.55,169.97,6790956
ORCL,2024-10-08,170.6,174.64,170.442,174.37,7845377
ORCL,2024-10-09,174.56,178.61,173.81,178.29,8120894
ORCL,2024-10-10,177.65,178.3,174.1801,175.41,7115887
ORCL,2024-10-11,175.495,177.0,174.4,175.77,5869413
ORCL,2024-10-14,176.55,177.22,175.5,176.12,4688662
ORCL,2024-10-15,176.94,178.2199,173.75,174.09,5848630
ORCL,2024-10-16,173.5,174.912,171.64,174.77,6383034
ORCL,2024-10-17,177.5,177.75,175.14,175.68,5473951
ORCL,2024-10-18,176.8,176.97,174.58,174.69,5001257
ORCL,2024-10-21,174.45,175.15,173.16,173.76,4198362
ORCL,2024-10-22,175.45,175.85,174.28,175.31,5510114
ORCL,2024-10-23,174.5,176.07,173.01,173.1,4830414
ORCL,2024-10-24,173.315,174.9542,172.91,174.38,3488036
ORCL,2024-10-25,174.78,176.29,173.1,173.52,3674717
ORCL,2024-10-28,174.045,174.17,172.135,172.42,4329971
ORCL,2024-10-29,172.29,174.0231,172.29,173.43,4122913
ORCL,2024-10-30,173.98,176.16,172.79,174.56,5822451
ORCL,2024-10-31,170.52,170.88,167.3975,167.84,9477476
ORCL,2024-11-01,170.15,172.27,169.1,170.02,5680595
ORCL,2024-11-04,170.31,170.48,168.73,169.59,4804405
ORCL,2024-11-05,170.47,171.89,170.32,171.78,5456754
ORCL,2024-11-06,178.52,182.1,177.4153,181.24,11084987
ORCL,2024-11-07,181.08,186.67,180.54,186.37,7759399
ORCL,2024-11-08,186.26,190.16,186.26,189.25,8520419
ORCL,2024-11-11,191.05,191.5,187.84,189.13,5973638
ORCL,2024-11-12,188.54,190.61,187.2,189.58,6629891
ORCL,2024-11-13,189.0,191.77,188.7895,189.63,5695426
ORCL,2024-11-14,188.66,189.59,186.71,187.05,7804318
ORCL,2024-11-15,184.52,185.8,182.33,183.74,8986276
ORCL,2024-11-18,184.3,186.18,182.88,185.73,6291406
ORCL,2024-11-19,184.89,189.32,184.32,188.9,8116958
ORCL,2024-11-20,190.9,190.97,187.82,190.75,4860222
ORCL,2024-11-21,191.94,196.04,191.6401,192.43,11394263
ORCL,2024-11-22,193.0,194.2,191.06,192.29,6879447
ORCL,2024-11-25,194.5,194.75,187.99,187.99,15138474
ORCL,2024-11-26,188.32,192.4,188.32,190.37,6427210
ORCL,2024-11-27,188.955,188.955,182.22,182.7,8368797
ORCL,2024-11-29,184.01,185.93,184.0,184.84,4628044
ORCL,2024-12-02,185.29,185.29,181.0,181.41,8859696
ORCL,2024-12-03,181.18,183.04,179.11,182.89,8917062
ORCL,2024-12-04,188.0,189.79,185.9,188.19,8906283
ORCL,2024-12-05,189.02,189.02,185.85,186.24,6398073
ORCL,2024-12-06,187.0,192.63,186.38,191.69,10503383
ORCL,2024-12-09,196.3,198.3099,188.93,190.45,20157957
ORCL,2024-12-10,173.46,177.8,171.0592,177.74,26502016
ORCL,2024-12-11,178.0,181.38,174.8301,178.58,13188714
ORCL,2024-12-12,178.0,178.1699,174.81,175.32,8154218
ORCL,2024-12-13,175.0,176.14,171.64,173.39,8351106
ORCL,2024-12-16,173.84,174.27,170.93,171.23,9571955
ORCL,2024-12-17,170.75,172.99,169.27,169.71,8940204
ORCL,2024-12-18,169.41,171.23,165.36,165.41,8817934
ORCL,2024-12-19,167.55,171.0,167.4,168.79,8386394
ORCL,2024-12-20,167.73,171.26,165.63,169.66,13810525
ORCL,2024-12-23,169.59,169.62,167.1683,169.14,6518229
ORCL,2024-12-24,169.7,171.77,169.03,171.41,2451547
ORCL,2024-12-26,170.5,172.55,170.5,171.68,4103882
ORCL,2024-12-27,170.38,171.15,167.2,168.96,4344287
ORCL,2024-12-30,166.51,167.91,164.55,166.91,5254833
ORCL,2024-12-31,167.2,167.3,165.84,166.64,4307524
ORCL,2025-01-02,168.52,168.69,164.9,166.03,5365667
ORCL,2025-01-03,166.7,167.2,165.27,166.32,5878052
ORCL,2025-01-06,167.31,168.05,165.19,165.69,6845373
ORCL,2025-01-07,165.58,166.16,161.32,162.03,7712222
ORCL,2025-01-08,162.18,163.98,161.43,163.14,7596214
ORCL,2025-01-10,159.2,159.2,153.92,154.5,13593882
ORCL,2025-01-13,153.74,154.15,152.42,153.92,8828492
ORCL,2025-01-14,156.42,157.25,154.35,156.31,7410242
ORCL,2025-01-15,158.665,159.1495,157.26,158.31,10701234
ORCL,2025-01-16,160.15,161.5,158.41,159.54,9210555
ORCL,2025-01-17,161.77,163.16,160.54,161.03,11618283
ORCL,2025-01-21,163.87,173.37,162.75,172.57,30232048
ORCL,2025-01-22,191.51,191.99,180.57,184.22,48028518
ORCL,2025-01-23,181.64,186.57,181.5,186.47,17314645
ORCL,2025-01-24,188.64,189.1,181.87,183.6,12147180
ORCL,2025-01-27,168.9,172.52,152.66,158.28,42201592
ORCL,2025-01-28,162.99,165.825,156.75,164.0,20319300
TSLA,2024-09-04,210.59,222.22,210.57,219.41,80217329
TSLA,2024-09-05,223.49,235.0,222.25,230.17,119355013
TSLA,2024-09-06,232.6,233.6,210.51,210.73,112177004
TSLA,2024-09-09,216.2,219.87,213.67,216.27,67443518
TSLA,2024-09-10,220.07,226.4,218.6377,226.17,78891136
TSLA,2024-09-11,224.55,228.47,216.8003,228.13,83548633
TSLA,2024-09-12,224.66,231.45,223.83,229.81,72020042
TSLA,2024-09-13,228.0,232.67,226.32,230.29,59515114
TSLA,2024-09-16,229.3,229.96,223.53,226.78,54322995
TSLA,2024-09-17,229.45,234.57,226.5533,227.87,66761636
TSLA,2024-09-18,230.09,235.68,226.88,227.2,78010204
TSLA,2024-09-19,234.0,244.24,232.13,243.92,102694576
TSLA,2024-09-20,241.52,243.99,235.92,238.25,99879070
TSLA,2024-09-23,242.61,250.0,241.92,250.0,86927194
TSLA,2024-09-24,254.08,257.19,249.0501,254.27,88490999
TSLA,2024-09-25,252.54,257.05,252.28,257.02,65034318
TSLA,2024-09-26,260.6,261.75,251.53,254.22,67142193
TSLA,2024-09-27,257.375,260.6999,254.12,260.46,70988067
TSLA,2024-09-30,259.04,264.86,255.77,261.63,80873381
TSLA,2024-10-01,262.67,263.98,248.53,258.02,87397613
TSLA,2024-10-02,247.55,251.1585,241.5,249.02,93983930
TSLA,2024-10-03,244.48,249.79,237.81,240.66,80729240
TSLA,2024-10-04,246.69,250.96,244.58,250.08,86726285
TSLA,2024-10-07,249.0,249.83,240.7,240.83,68113270
TSLA,2024-10-08,243.56,246.21,240.56,244.5,56303160
TSLA,2024-10-09,243.82,247.43,239.51,241.05,66289529
TSLA,2024-10-10,241.81,242.7899,232.34,238.77,83087063
TSLA,2024-10-11,220.13,223.34,214.38,217.8,142628874
TSLA,2024-10-14,220.13,221.91,213.74,219.16,86291923
TSLA,2024-10-15,220.01,224.26,217.12,219.57,62988787
TSLA,2024-10-16,221.4,222.8199,218.93,221.33,49632824
TSLA,2024-10-17,221.59,222.08,217.9,220.89,50791784
TSLA,2024-10-18,220.71,222.28,219.23,220.7,49611867
TSLA,2024-10-21,218.9,220.48,215.726,218.85,47328988
TSLA,2024-10-22,217.31,218.22,215.26,217.97,43268741
TSLA,2024-10-23,217.125,218.72,212.11,213.65,80938892
TSLA,2024-10-24,244.68,262.1199,242.65,260.48,204491903
TSLA,2024-10-25,256.01,269.49,255.32,269.19,161611931
TSLA,2024-10-28,270.0,273.536,262.24,262.51,107653603
TSLA,2024-10-29,264.51,264.98,255.51,259.52,80521751
TSLA,2024-10-30,258.035,263.35,255.8201,257.55,53993576
TSLA,2024-10-31,257.99,259.75,249.25,249.85,66575292
TSLA,2024-11-01,252.043,254.0,246.63,248.98,57544757
TSLA,2024-11-04,244.56,248.9,238.88,242.84,68802354
TSLA,2024-11-05,247.34,255.2799,246.2101,251.44,69282505
TSLA,2024-11-06,284.67,289.59,275.62,288.53,165228710
TSLA,2024-11-07,288.89,299.75,285.52,296.91,117309232
TSLA,2024-11-08,299.14,328.71,297.66,321.22,204782763
TSLA,2024-11-11,346.3,358.64,336.0,350.0,210521625
TSLA,2024-11-12,342.74,345.84,323.31,328.49,155726016
TSLA,2024-11-13,335.85,344.5999,322.5,330.24,125405599
TSLA,2024-11-14,327.69,329.98,310.37,311.18,120726109
TSLA,2024-11-15,310.57,324.6799,309.22,320.72,114440286
TSLA,2024-11-18,340.73,348.5499,330.01,338.74,126547455
TSLA,2024-11-19,335.76,347.3799,332.75,346.0,88852452
TSLA,2024-11-20,345.0,346.5999,334.3,342.03,66340650
TSLA,2024-11-21,343.81,347.9899,335.28,339.64,58011719
TSLA,2024-11-22,341.085,361.53,337.7,352.56,89140722
TSLA,2024-11-25,360.14,361.93,338.2,338.59,95890899
TSLA,2024-11-26,341.0,346.96,335.66,338.23,62295857
TSLA,2024-11-27,341.8,342.55,326.59,332.89,57896439
TSLA,2024-11-29,336.08,345.45,334.65,345.16,37167621
TSLA,2024-12-02,352.38,360.0,351.1501,357.09,77986478
TSLA,2024-12-03,351.8,355.69,348.2,351.42,58267196
TSLA,2024-12-04,353.0,358.1,348.6,357.93,50810874
TSLA,2024-12-05,359.87,375.43,359.5,369.49,81403569
TSLA,2024-12-06,377.42,389.49,370.8,389.22,81455834
TSLA,2024-12-09,397.61,404.8,378.01,389.79,96359173
TSLA,2024-12-10,392.68,409.73,390.85,400.99,97563578
TSLA,2024-12-11,409.7,424.88,402.38,424.77,104287559
TSLA,2024-12-12,424.84,429.3,415.0,418.1,87752225
TSLA,2024-12-13,420.0,436.3,415.71,436.23,89000158
TSLA,2024-12-16,441.09,463.19,436.15,463.02,114083811
TSLA,2024-12-17,475.9,483.99,457.5101,479.86,131222978
TSLA,2024-12-18,466.495,488.5399,427.01,440.13,149340788
TSLA,2024-12-19,451.88,456.36,420.02,436.17,118566146
TSLA,2024-12-20,425.505,447.08,417.64,421.06,132216176
TSLA,2024-12-23,431.0,434.51,415.4112,430.6,72698055
TSLA,2024-12-24,435.9,462.78,435.14,462.28,59551750
TSLA,2024-12-26,465.16,465.3299,451.02,454.13,76651210
TSLA,2024-12-27,449.52,450.0,426.5,431.66,82666821
TSLA,2024-12-30,419.4,427.0,415.75,417.41,64941012
TSLA,2024-12-31,423.79,427.93,402.54,403.84,76825121
TSLA,2025-01-02,390.1,392.7299,373.04,379.28,109710749
TSLA,2025-01-03,381.48,411.8799,379.45,410.44,95423329
TSLA,2025-01-06,423.2,426.43,401.7,411.05,85516534
TSLA,2025-01-07,405.83,414.33,390.0,394.36,75699525
TSLA,2025-01-08,392.95,402.4999,387.4,394.94,73038805
TSLA,2025-01-10,391.4,399.28,377.29,394.74,62287333
TSLA,2025-01-13,383.21,403.79,380.07,403.31,67580494
TSLA,2025-01-14,414.34,422.64,394.54,396.36,84565022
TSLA,2025-01-15,409.9,429.8,405.661,428.22,81375460
TSLA,2025-01-16,423.49,424.0,409.13,413.82,68335151
TSLA,2025-01-17,421.5,439.74,419.75,426.5,94991429
TSLA,2025-01-21,432.64,433.2,406.31,424.07,87320894
TSLA,2025-01-22,416.81,428.0,414.59,415.11,60963342
TSLA,2025-01-23,416.06,420.73,408.95,412.38,50690592
TSLA,2025-01-24,414.45,418.88,405.78,406.58,56427149
TSLA,2025-01-27,394.8,406.69,389.0,397.15,58125510
TSLA,2025-01-28,396.91,400.59,386.5,398.09,48910676
